Post ID,Platform,Date,Content Type,Post Text,Likes,Shares,Comments,Impressions,Reach,Clicks,Hashtags Used.1,Hashtags Used.2,Hashtags,Campaign_Name,Engagement_Rate,Total_Engagement,Start_Date,End_Date,Campaign_Phase,,Task 1,,,,,,,,,,,,,,,
P001,Twitter,23/12/2024,Reel,Explore the latest reel on Myntra! Trendy styles await.,1461,184,344,21915,21675,15,MyntraSale,,MyntraSale,FashionUpgrade,9.08%,1989,01/08/2024,31/08/2024,Before,,,,,,,,,,,,,,,,,
P002,Twitter,03/04/2025,Text,Explore the latest text on Myntra! Trendy styles await.,4054,389,493,64864,64383,117,MyntraFashion,,MyntraFashion,EndOfSeasonSale,7.61%,4936,10/06/2024,05/07/2024,Before,,,,,,,,,,,,,,,,,
P003,YouTube,12/05/2025,Reel,Explore the latest reel on Myntra! Trendy styles await.,2795,105,49,53105,52307,204,MyntraFashion,MyntraSale,"MyntraFashion,MyntraSale",FashionUpgrade,5.55%,2949,01/08/2024,31/08/2024,Before,,,,,,,,video link ,,,,,,,,,
P004,Instagram,12/08/2024,Story,Explore the latest story on Myntra! Trendy styles await.,2404,363,138,19232,18636,128,MyntraSale,,MyntraSale,FashionUpgrade,15.11%,2905,01/08/2024,31/08/2024,During,,,,,,,,,,,,,,,,,
P005,YouTube,26/06/2024,Reel,Explore the latest reel on Myntra! Trendy styles await.,3557,687,424,71140,70701,224,StyleWithMyntra,MyntraFashion,"StyleWithMyntra,MyntraFashion",MyntraFestiveEdit,6.56%,4668,05/10/2024,05/11/2024,Before,,,,,,,,,,,,,,,,,
P006,Facebook,31/10/2024,Carousel,Explore the latest carousel on Myntra! Trendy styles await.,2945,930,355,23560,23275,256,MyntraTrend,,MyntraTrend,EndOfSeasonSale,17.95%,4230,10/06/2024,05/07/2024,Before,,,,,,,,,,,,,,,,,
P007,Twitter,24/06/2024,Carousel,Explore the latest carousel on Myntra! Trendy styles await.,3860,201,279,61760,61660,235,MyntraTrend,,MyntraTrend,MyntraFestiveEdit,7.03%,4340,05/10/2024,05/11/2024,Before,,,,,,,,,,,,,,,,,
P008,YouTube,13/07/2024,Image,Explore the latest image on Myntra! Trendy styles await.,3929,262,278,43219,42841,39,MyntraFashion,MyntraSale,"MyntraFashion,MyntraSale",MyntraFestiveEdit,10.34%,4469,05/10/2024,05/11/2024,Before,,,,,,,,,,,,,,,,,
P009,Facebook,30/08/2024,Text,Explore the latest text on Myntra! Trendy styles await.,3784,808,404,56760,56343,131,MyntraFashion,MyntraSale,"MyntraFashion,MyntraSale",MyntraFestiveEdit,8.80%,4996,05/10/2024,05/11/2024,Before,,,,,,,,,,,,,,,,,
P010,Facebook,11/03/2025,Image,Explore the latest image on Myntra! Trendy styles await.,4241,902,47,72097,71598,167,MyntraTrend,,MyntraTrend,StyleRevolution,7.20%,5190,10/01/2025,10/02/2025,Before,,,,,,,,,,,,,,,,,
P011,Instagram,02/02/2025,Story,Explore the latest story on Myntra! Trendy styles await.,1792,614,497,25088,24675,65,StyleWithMyntra,,StyleWithMyntra,FashionUpgrade,11.57%,2903,01/08/2024,31/08/2024,Before,,,,,,,,,,,,,,,,,
P012,Facebook,21/07/2024,Reel,Explore the latest reel on Myntra! Trendy styles await.,1946,686,377,23352,22982,213,StyleWithMyntra,MyntraSale,"StyleWithMyntra,MyntraSale",MyntraFestiveEdit,12.89%,3009,05/10/2024,05/11/2024,Before,,,,,,,,,,,,,,,,,
P013,YouTube,18/11/2024,Carousel,Explore the latest carousel on Myntra! Trendy styles await.,1171,286,231,22249,21282,114,MyntraFashion,,MyntraFashion,StyleRevolution,7.59%,1688,10/01/2025,10/02/2025,Before,,"Observed:
Duplicate posts
Inconsistent date format
Mixed platform naming
Hashtags bundled together

Actions taken:
Removed duplicates
Standardized formats
Cleaned numeric fields
Split hashtags into individual tags

Result:
A trustworthy dataset ready for analysis",,,,,,,,,,,,,,,
P014,Facebook,16/02/2025,Story,Explore the latest story on Myntra! Trendy styles await.,4242,555,131,33936,33802,265,MyntraSale,MyntraFashion,"MyntraSale,MyntraFashion",MyntraFestiveEdit,14.52%,4928,05/10/2024,05/11/2024,Before,,,,,,,,,,,,,,,,,
P015,Facebook,24/10/2024,Video,Explore the latest video on Myntra! Trendy styles await.,3888,604,128,77760,77167,20,MyntraFashion,FashionDeals,"MyntraFashion,FashionDeals",FashionUpgrade,5.94%,4620,01/08/2024,31/08/2024,Before,,,,,,,,,,,,,,,,,
P016,Facebook,26/08/2024,Text,Explore the latest text on Myntra! Trendy styles await.,3452,377,360,55232,55075,87,MyntraSale,FashionDeals,"MyntraSale,FashionDeals",MyntraFestiveEdit,7.58%,4189,05/10/2024,05/11/2024,Before,,,,,,,,,,,,,,,,,
P017,Facebook,05/05/2025,Text,Explore the latest text on Myntra! Trendy styles await.,4441,511,70,53292,53082,159,FashionDeals,,FashionDeals,MyntraFestiveEdit,9.42%,5022,05/10/2024,05/11/2024,Before,,,,,,,,,,,,,,,,,
P018,Instagram,19/08/2024,Reel,Explore the latest reel on Myntra! Trendy styles await.,3000,382,325,36000,35819,19,StyleWithMyntra,,StyleWithMyntra,EndOfSeasonSale,10.30%,3707,10/06/2024,05/07/2024,Before,,,,,,,,,,,,,,,,,
P019,Instagram,23/06/2024,Video,Explore the latest video on Myntra! Trendy styles await.,1071,519,22,16065,15865,103,MyntraSale,StyleWithMyntra,"MyntraSale,StyleWithMyntra",MyntraFestiveEdit,10.03%,1612,05/10/2024,05/11/2024,Before,,,,,,,,,,,,,,,,,
P020,Instagram,09/09/2024,Carousel,Explore the latest carousel on Myntra! Trendy styles await.,4054,488,373,77026,76881,25,MyntraFashion,MyntraSale,"MyntraFashion,MyntraSale",MyntraFestiveEdit,6.38%,4915,05/10/2024,05/11/2024,Before,,,,,,,,,,,,,,,,,
P021,Instagram,04/01/2025,Reel,Explore the latest reel on Myntra! Trendy styles await.,4838,640,128,72570,72396,83,StyleWithMyntra,MyntraTrend,"StyleWithMyntra,MyntraTrend",MyntraFestiveEdit,7.72%,5606,05/10/2024,05/11/2024,Before,,,,,,,,,,,,,,,,,
P022,Facebook,27/02/2025,Text,Explore the latest text on Myntra! Trendy styles await.,1570,187,260,25120,24613,133,MyntraSale,,MyntraSale,StyleRevolution,8.03%,2017,10/01/2025,10/02/2025,Before,,,,,,,,,,,,,,,,,
P023,Facebook,06/11/2024,Video,Explore the latest video on Myntra! Trendy styles await.,1606,547,316,32120,31736,225,MyntraSale,,MyntraSale,MyntraFestiveEdit,7.69%,2469,05/10/2024,05/11/2024,Before,,,,,,,,,,,,,,,,,
P024,Facebook,23/01/2025,Video,Explore the latest video on Myntra! Trendy styles await.,3961,761,131,67337,66615,161,MyntraTrend,,MyntraTrend,EndOfSeasonSale,7.21%,4853,10/06/2024,05/07/2024,Before,,,,,,,,,,,,,,,,,
P025,Twitter,10/04/2025,Carousel,Explore the latest carousel on Myntra! Trendy styles await.,3128,211,197,59432,59182,238,StyleWithMyntra,MyntraSale,"StyleWithMyntra,MyntraSale",FashionUpgrade,5.95%,3536,01/08/2024,31/08/2024,Before,,,,,,,,,,,,,,,,,
P026,YouTube,05/04/2025,Reel,Explore the latest reel on Myntra! Trendy styles await.,3009,413,358,42126,41309,211,MyntraSale,,MyntraSale,EndOfSeasonSale,8.97%,3780,10/06/2024,05/07/2024,Before,,,,,,,,,,,,,,,,,
P027,YouTube,17/09/2024,Text,Explore the latest text on Myntra! Trendy styles await.,2076,195,104,33216,32244,51,MyntraTrend,,MyntraTrend,StyleRevolution,7.15%,2375,10/01/2025,10/02/2025,Before,,,,,,,,,,,,,,,,,
P028,Instagram,04/03/2025,Video,Explore the latest video on Myntra! Trendy styles await.,432,624,123,6912,6259,79,MyntraSale,MyntraTrend,"MyntraSale,MyntraTrend",EndOfSeasonSale,17.06%,1179,10/06/2024,05/07/2024,Before,,,,,,,,,,,,,,,,,
P029,Instagram,31/01/2025,Carousel,Explore the latest carousel on Myntra! Trendy styles await.,2566,118,37,12830,12264,221,MyntraTrend,MyntraFashion,"MyntraTrend,MyntraFashion",MyntraFestiveEdit,21.21%,2721,05/10/2024,05/11/2024,Before,,,,,,,,,,,,,,,,,
P030,Instagram,25/02/2025,Video,Explore the latest video on Myntra! Trendy styles await.,3095,39,78,55710,54808,93,MyntraSale,,MyntraSale,StyleRevolution,5.77%,3212,10/01/2025,10/02/2025,Before,,,,,,,,,,,,,,,,,
P031,Instagram,16/12/2024,Text,Explore the latest text on Myntra! Trendy styles await.,438,153,275,3066,2701,282,MyntraTrend,,MyntraTrend,StyleRevolution,28.25%,866,10/01/2025,10/02/2025,Before,,,,,,,,,,,,,,,,,
P032,Twitter,31/07/2024,Carousel,Explore the latest carousel on Myntra! Trendy styles await.,2278,10,321,13668,12676,275,MyntraTrend,MyntraFashion,"MyntraTrend,MyntraFashion",StyleRevolution,19.09%,2609,10/01/2025,10/02/2025,Before,,,,,,,,,,,,,,,,,
P033,Facebook,21/08/2024,Image,Explore the latest image on Myntra! Trendy styles await.,1407,400,351,16884,15954,113,MyntraFashion,FashionDeals,"MyntraFashion,FashionDeals",MyntraFestiveEdit,12.78%,2158,05/10/2024,05/11/2024,Before,,,,,,,,,,,,,,,,,
P034,Facebook,26/03/2025,Text,Explore the latest text on Myntra! Trendy styles await.,1652,89,357,29736,28771,215,MyntraTrend,FashionDeals,"MyntraTrend,FashionDeals",EndOfSeasonSale,7.06%,2098,10/06/2024,05/07/2024,Before,,,,,,,,,,,,,,,,,
P035,Instagram,30/11/2024,Video,Explore the latest video on Myntra! Trendy styles await.,3775,16,239,33975,33310,271,StyleWithMyntra,MyntraSale,"StyleWithMyntra,MyntraSale",MyntraFestiveEdit,11.86%,4030,05/10/2024,05/11/2024,Before,,,,,,,,,,,,,,,,,
P036,Instagram,19/04/2025,Story,Explore the latest story on Myntra! Trendy styles await.,4518,285,383,67770,67621,31,FashionDeals,,FashionDeals,EndOfSeasonSale,7.65%,5186,10/06/2024,05/07/2024,Before,,,,,,,,,,,,,,,,,
P037,Facebook,06/01/2025,Carousel,Explore the latest carousel on Myntra! Trendy styles await.,3024,925,350,24192,23518,36,MyntraSale,,MyntraSale,MyntraFestiveEdit,17.77%,4299,05/10/2024,05/11/2024,Before,,,,,,,,,,,,,,,,,
P038,YouTube,17/02/2025,Reel,Explore the latest reel on Myntra! Trendy styles await.,3138,123,291,28242,27550,87,FashionDeals,,FashionDeals,StyleRevolution,12.58%,3552,10/01/2025,10/02/2025,Before,,,,,,,,,,,,,,,,,
P039,Facebook,25/11/2024,Image,Explore the latest image on Myntra! Trendy styles await.,3564,629,177,60588,59627,92,FashionDeals,MyntraSale,"FashionDeals,MyntraSale",MyntraFestiveEdit,7.21%,4370,05/10/2024,05/11/2024,Before,,,,,,,,,,,,,,,,,
P040,Twitter,07/03/2025,Image,Explore the latest image on Myntra! Trendy styles await.,4750,151,415,38000,37792,299,StyleWithMyntra,MyntraSale,"StyleWithMyntra,MyntraSale",EndOfSeasonSale,13.99%,5316,10/06/2024,05/07/2024,Before,,,,,,,,,,,,,,,,,
P041,Instagram,08/03/2025,Reel,Explore the latest reel on Myntra! Trendy styles await.,456,629,428,8208,7377,205,MyntraSale,FashionDeals,"MyntraSale,FashionDeals",MyntraFestiveEdit,18.43%,1513,05/10/2024,05/11/2024,Before,,,,,,,,,,,,,,,,,
P042,YouTube,05/03/2025,Reel,Explore the latest reel on Myntra! Trendy styles await.,1543,820,333,12344,11496,241,StyleWithMyntra,,StyleWithMyntra,MyntraFestiveEdit,21.84%,2696,05/10/2024,05/11/2024,Before,,,,,,,,,,,,,,,,,
P043,Instagram,14/12/2024,Carousel,Explore the latest carousel on Myntra! Trendy styles await.,2174,658,15,13044,12206,137,MyntraSale,MyntraFashion,"MyntraSale,MyntraFashion",StyleRevolution,21.83%,2847,10/01/2025,10/02/2025,Before,,,,,,,,,,,,,,,,,
P044,Twitter,02/03/2025,Image,Explore the latest image on Myntra! Trendy styles await.,2358,784,344,35370,34475,216,MyntraSale,StyleWithMyntra,"MyntraSale,StyleWithMyntra",FashionUpgrade,9.86%,3486,01/08/2024,31/08/2024,Before,,,,,,,,,,,,,,,,,
P045,Facebook,01/11/2024,Video,Explore the latest video on Myntra! Trendy styles await.,3371,106,327,50565,49816,176,FashionDeals,,FashionDeals,StyleRevolution,7.52%,3804,10/01/2025,10/02/2025,Before,,,,,,,,,,,,,,,,,
P046,Twitter,02/05/2025,Video,Explore the latest video on Myntra! Trendy styles await.,1108,177,212,8864,8710,97,MyntraFashion,,MyntraFashion,StyleRevolution,16.89%,1497,10/01/2025,10/02/2025,Before,,,,,,,,,,,,,,,,,
P047,Twitter,24/02/2025,Carousel,Explore the latest carousel on Myntra! Trendy styles await.,2704,752,153,21632,20792,127,FashionDeals,MyntraFashion,"FashionDeals,MyntraFashion",FashionUpgrade,16.68%,3609,01/08/2024,31/08/2024,Before,,,,,,,,,,,,,,,,,
P048,Twitter,11/03/2025,Story,Explore the latest story on Myntra! Trendy styles await.,1950,295,478,37050,36272,119,MyntraFashion,StyleWithMyntra,"MyntraFashion,StyleWithMyntra",StyleRevolution,7.35%,2723,10/01/2025,10/02/2025,Before,,,,,,,,,,,,,,,,,
P049,Twitter,10/06/2024,Story,Explore the latest story on Myntra! Trendy styles await.,2164,549,274,28132,27361,177,StyleWithMyntra,,StyleWithMyntra,FashionUpgrade,10.62%,2987,01/08/2024,31/08/2024,Before,,,,,,,,,,,,,,,,,
P050,YouTube,03/07/2024,Story,Explore the latest story on Myntra! Trendy styles await.,2754,130,90,22032,21288,112,MyntraFashion,,MyntraFashion,FashionUpgrade,13.50%,2974,01/08/2024,31/08/2024,Before,,,,,,,,,,,,,,,,,
P051,Facebook,13/06/2024,Carousel,Explore the latest carousel on Myntra! Trendy styles await.,2200,504,239,37400,36938,225,MyntraSale,,MyntraSale,MyntraFestiveEdit,7.87%,2943,05/10/2024,05/11/2024,Before,,,,,,,,,,,,,,,,,
P052,Facebook,03/01/2025,Image,Explore the latest image on Myntra! Trendy styles await.,947,338,350,10417,9730,34,MyntraFashion,MyntraSale,"MyntraFashion,MyntraSale",MyntraFestiveEdit,15.70%,1635,05/10/2024,05/11/2024,Before,,,,,,,,,,,,,,,,,
P053,YouTube,24/02/2025,Carousel,Explore the latest carousel on Myntra! Trendy styles await.,804,639,43,4020,3144,11,StyleWithMyntra,MyntraTrend,"StyleWithMyntra,MyntraTrend",StyleRevolution,36.97%,1486,10/01/2025,10/02/2025,Before,,,,,,,,,,,,,,,,,
P054,YouTube,13/03/2025,Carousel,Explore the latest carousel on Myntra! Trendy styles await.,1686,904,472,18546,18171,52,MyntraFashion,FashionDeals,"MyntraFashion,FashionDeals",EndOfSeasonSale,16.51%,3062,10/06/2024,05/07/2024,Before,,,,,,,,,,,,,,,,,
P055,Facebook,17/06/2024,Image,Explore the latest image on Myntra! Trendy styles await.,1226,119,7,14712,14049,123,MyntraSale,MyntraTrend,"MyntraSale,MyntraTrend",StyleRevolution,9.19%,1352,10/01/2025,10/02/2025,Before,,,,,,,,,,,,,,,,,
P056,Facebook,18/12/2024,Carousel,Explore the latest carousel on Myntra! Trendy styles await.,2946,498,367,29460,28527,60,StyleWithMyntra,FashionDeals,"StyleWithMyntra,FashionDeals",EndOfSeasonSale,12.94%,3811,10/06/2024,05/07/2024,Before,,,,,,,,,,,,,,,,,
P057,Twitter,21/10/2024,Video,Explore the latest video on Myntra! Trendy styles await.,2825,535,295,45200,44739,169,StyleWithMyntra,,StyleWithMyntra,EndOfSeasonSale,8.09%,3655,10/06/2024,05/07/2024,Before,,,,,,,,,,,,,,,,,
P058,Instagram,15/04/2025,Reel,Explore the latest reel on Myntra! Trendy styles await.,103,770,19,1030,410,262,MyntraSale,,MyntraSale,MyntraFestiveEdit,86.60%,892,05/10/2024,05/11/2024,Before,,,,,,,,,,,,,,,,,
P059,Instagram,22/06/2024,Text,Explore the latest text on Myntra! Trendy styles await.,2180,263,387,30520,30059,174,FashionDeals,,FashionDeals,FashionUpgrade,9.27%,2830,01/08/2024,31/08/2024,Before,,,,,,,,,,,,,,,,,
P060,Instagram,28/01/2025,Video,Explore the latest video on Myntra! Trendy styles await.,904,973,63,11752,11580,84,StyleWithMyntra,,StyleWithMyntra,FashionUpgrade,16.51%,1940,01/08/2024,31/08/2024,Before,,,,,,,,,,,,,,,,,
P061,Twitter,05/09/2024,Video,Explore the latest video on Myntra! Trendy styles await.,4886,983,409,43974,43239,65,MyntraFashion,,MyntraFashion,FashionUpgrade,14.28%,6278,01/08/2024,31/08/2024,Before,,,,,,,,,,,,,,,,,
P062,Twitter,22/11/2024,Carousel,Explore the latest carousel on Myntra! Trendy styles await.,53,81,379,954,7,148,FashionDeals,,FashionDeals,MyntraFestiveEdit,53.77%,513,05/10/2024,05/11/2024,Before,,,,,,,,,,,,,,,,,
P063,Twitter,31/07/2024,Carousel,Explore the latest carousel on Myntra! Trendy styles await.,4507,217,13,90140,89591,125,MyntraSale,,MyntraSale,FashionUpgrade,5.26%,4737,01/08/2024,31/08/2024,Before,,,,,,,,,,,,,,,,,
P064,Facebook,17/08/2024,Image,Explore the latest image on Myntra! Trendy styles await.,2878,248,416,43170,42667,75,FashionDeals,MyntraTrend,"FashionDeals,MyntraTrend",EndOfSeasonSale,8.20%,3542,10/06/2024,05/07/2024,Before,,,,,,,,,,,,,,,,,
P065,Instagram,28/03/2025,Story,Explore the latest story on Myntra! Trendy styles await.,1881,501,99,20691,19987,289,FashionDeals,,FashionDeals,EndOfSeasonSale,11.99%,2481,10/06/2024,05/07/2024,Before,,,,,,,,,,,,,,,,,
P066,Twitter,26/07/2024,Carousel,Explore the latest carousel on Myntra! Trendy styles await.,432,171,280,3024,2285,184,MyntraFashion,,MyntraFashion,MyntraFestiveEdit,29.20%,883,05/10/2024,05/11/2024,Before,,,,,,,,,,,,,,,,,
P067,Facebook,29/03/2025,Carousel,Explore the latest carousel on Myntra! Trendy styles await.,4712,568,127,84816,84691,100,FashionDeals,,FashionDeals,FashionUpgrade,6.37%,5407,01/08/2024,31/08/2024,Before,,,,,,,,,,,,,,,,,
P068,Instagram,08/12/2024,Story,Explore the latest story on Myntra! Trendy styles await.,2610,126,288,15660,15145,73,MyntraFashion,,MyntraFashion,FashionUpgrade,19.31%,3024,01/08/2024,31/08/2024,Before,,,,,,,,,,,,,,,,,
P069,Twitter,08/03/2025,Text,Explore the latest text on Myntra! Trendy styles await.,1292,626,496,25840,24916,149,StyleWithMyntra,MyntraTrend,"StyleWithMyntra,MyntraTrend",StyleRevolution,9.34%,2414,10/01/2025,10/02/2025,Before,,,,,,,,,,,,,,,,,
P070,Facebook,02/04/2025,Video,Explore the latest video on Myntra! Trendy styles await.,199,772,400,3582,2988,43,MyntraTrend,,MyntraTrend,FashionUpgrade,38.27%,1371,01/08/2024,31/08/2024,Before,,,,,,,,,,,,,,,,,
P071,YouTube,02/09/2024,Carousel,Explore the latest carousel on Myntra! Trendy styles await.,2551,915,205,30612,30360,227,MyntraSale,FashionDeals,"MyntraSale,FashionDeals",EndOfSeasonSale,11.99%,3671,10/06/2024,05/07/2024,Before,,,,,,,,,,,,,,,,,
P072,YouTube,03/03/2025,Reel,Explore the latest reel on Myntra! Trendy styles await.,296,60,141,5624,5239,88,MyntraTrend,,MyntraTrend,StyleRevolution,8.84%,497,10/01/2025,10/02/2025,Before,,,,,,,,,,,,,,,,,
P073,Facebook,18/10/2024,Story,Explore the latest story on Myntra! Trendy styles await.,4126,426,486,78394,77798,88,MyntraFashion,,MyntraFashion,FashionUpgrade,6.43%,5038,01/08/2024,31/08/2024,Before,,,,,,,,,,,,,,,,,
P074,YouTube,28/10/2024,Reel,Explore the latest reel on Myntra! Trendy styles await.,1855,200,174,16695,16330,123,MyntraFashion,,MyntraFashion,MyntraFestiveEdit,13.35%,2229,05/10/2024,05/11/2024,During,,,,,,,,,,,,,,,,,
P075,Instagram,01/08/2024,Reel,Explore the latest reel on Myntra! Trendy styles await.,1674,929,37,21762,20998,255,StyleWithMyntra,FashionDeals,"StyleWithMyntra,FashionDeals",MyntraFestiveEdit,12.13%,2640,05/10/2024,05/11/2024,Before,,,,,,,,,,,,,,,,,
P076,Twitter,07/11/2024,Story,Explore the latest story on Myntra! Trendy styles await.,1121,135,18,15694,14957,99,MyntraSale,MyntraFashion,"MyntraSale,MyntraFashion",StyleRevolution,8.12%,1274,10/01/2025,10/02/2025,Before,,,,,,,,,,,,,,,,,
P077,Facebook,04/03/2025,Story,Explore the latest story on Myntra! Trendy styles await.,1249,116,420,8743,8538,63,MyntraFashion,FashionDeals,"MyntraFashion,FashionDeals",MyntraFestiveEdit,20.42%,1785,05/10/2024,05/11/2024,Before,,,,,,,,,,,,,,,,,
P078,Twitter,17/06/2024,Image,Explore the latest image on Myntra! Trendy styles await.,954,324,288,19080,18859,21,MyntraTrend,,MyntraTrend,MyntraFestiveEdit,8.21%,1566,05/10/2024,05/11/2024,Before,,,,,,,,,,,,,,,,,
P079,Instagram,09/10/2024,Carousel,Explore the latest carousel on Myntra! Trendy styles await.,3068,137,329,39884,39404,266,MyntraSale,MyntraTrend,"MyntraSale,MyntraTrend",MyntraFestiveEdit,8.86%,3534,05/10/2024,05/11/2024,During,,,,,,,,,,,,,,,,,
P080,Instagram,13/06/2024,Story,Explore the latest story on Myntra! Trendy styles await.,2103,892,103,39957,39466,28,FashionDeals,MyntraFashion,"FashionDeals,MyntraFashion",EndOfSeasonSale,7.75%,3098,10/06/2024,05/07/2024,During,,,,,,,,,,,,,,,,,
P081,Instagram,19/10/2024,Story,Explore the latest story on Myntra! Trendy styles await.,1816,29,41,19976,19262,283,MyntraTrend,MyntraSale,"MyntraTrend,MyntraSale",MyntraFestiveEdit,9.44%,1886,05/10/2024,05/11/2024,During,,,,,,,,,,,,,,,,,
P082,Instagram,24/07/2024,Image,Explore the latest image on Myntra! Trendy styles await.,725,88,428,14500,13637,200,MyntraTrend,,MyntraTrend,MyntraFestiveEdit,8.56%,1241,05/10/2024,05/11/2024,Before,,,,,,,,,,,,,,,,,
P083,YouTube,15/10/2024,Video,Explore the latest video on Myntra! Trendy styles await.,1094,472,21,9846,9609,112,MyntraTrend,StyleWithMyntra,"MyntraTrend,StyleWithMyntra",MyntraFestiveEdit,16.12%,1587,05/10/2024,05/11/2024,During,,,,,,,,,,,,,,,,,
P084,Facebook,09/12/2024,Image,Explore the latest image on Myntra! Trendy styles await.,1841,851,342,34979,34154,255,MyntraFashion,FashionDeals,"MyntraFashion,FashionDeals",FashionUpgrade,8.67%,3034,01/08/2024,31/08/2024,Before,,,,,,,,,,,,,,,,,
P085,Instagram,19/04/2025,Image,Explore the latest image on Myntra! Trendy styles await.,4177,569,55,25062,24847,230,MyntraFashion,,MyntraFashion,FashionUpgrade,19.16%,4801,01/08/2024,31/08/2024,Before,,,,,,,,,,,,,,,,,
P086,YouTube,27/01/2025,Text,Explore the latest text on Myntra! Trendy styles await.,3428,305,85,58276,58052,242,MyntraTrend,StyleWithMyntra,"MyntraTrend,StyleWithMyntra",MyntraFestiveEdit,6.55%,3818,05/10/2024,05/11/2024,Before,,,,,,,,,,,,,,,,,
P087,Twitter,06/06/2024,Video,Explore the latest video on Myntra! Trendy styles await.,1436,765,496,12924,12701,197,MyntraTrend,MyntraSale,"MyntraTrend,MyntraSale",EndOfSeasonSale,20.87%,2697,10/06/2024,05/07/2024,Before,,,,,,,,,,,,,,,,,
P088,Facebook,07/07/2024,Story,Explore the latest story on Myntra! Trendy styles await.,302,47,430,5738,4890,25,MyntraFashion,MyntraSale,"MyntraFashion,MyntraSale",EndOfSeasonSale,13.58%,779,10/06/2024,05/07/2024,Before,,,,,,,,,,,,,,,,,
P089,Twitter,10/01/2025,Image,Explore the latest image on Myntra! Trendy styles await.,2214,249,152,15498,14800,180,MyntraSale,,MyntraSale,EndOfSeasonSale,16.87%,2615,10/06/2024,05/07/2024,Before,,,,,,,,,,,,,,,,,
P090,Instagram,03/06/2024,Image,Explore the latest image on Myntra! Trendy styles await.,3861,960,101,69498,68817,297,MyntraFashion,,MyntraFashion,EndOfSeasonSale,7.08%,4922,10/06/2024,05/07/2024,Before,,,,,,,,,,,,,,,,,
P091,Facebook,24/03/2025,Image,Explore the latest image on Myntra! Trendy styles await.,1263,397,357,25260,24615,137,MyntraSale,,MyntraSale,EndOfSeasonSale,7.98%,2017,10/06/2024,05/07/2024,Before,,,,,,,,,,,,,,,,,
P092,Twitter,21/10/2024,Story,Explore the latest story on Myntra! Trendy styles await.,3801,967,401,38010,37625,236,StyleWithMyntra,,StyleWithMyntra,StyleRevolution,13.60%,5169,10/01/2025,10/02/2025,Before,,,,,,,,,,,,,,,,,
P093,Instagram,11/12/2024,Video,Explore the latest video on Myntra! Trendy styles await.,1431,951,26,8586,8396,150,MyntraTrend,FashionDeals,"MyntraTrend,FashionDeals",FashionUpgrade,28.05%,2408,01/08/2024,31/08/2024,Before,,,,,,,,,,,,,,,,,
P094,Instagram,07/11/2024,Image,Explore the latest image on Myntra! Trendy styles await.,2647,304,170,18529,17841,46,StyleWithMyntra,,StyleWithMyntra,EndOfSeasonSale,16.84%,3121,10/06/2024,05/07/2024,Before,,,,,,,,,,,,,,,,,
P095,Instagram,08/11/2024,Text,Explore the latest text on Myntra! Trendy styles await.,3182,559,160,57276,56890,163,StyleWithMyntra,MyntraTrend,"StyleWithMyntra,MyntraTrend",EndOfSeasonSale,6.81%,3901,10/06/2024,05/07/2024,Before,,,,,,,,,,,,,,,,,
P096,Twitter,10/09/2024,Image,Explore the latest image on Myntra! Trendy styles await.,1238,366,444,19808,19334,123,FashionDeals,,FashionDeals,MyntraFestiveEdit,10.34%,2048,05/10/2024,05/11/2024,Before,,,,,,,,,,,,,,,,,
P097,Instagram,13/08/2024,Image,Explore the latest image on Myntra! Trendy styles await.,4739,527,135,61607,61333,36,StyleWithMyntra,MyntraSale,"StyleWithMyntra,MyntraSale",EndOfSeasonSale,8.77%,5401,10/06/2024,05/07/2024,Before,,,,,,,,,,,,,,,,,
P098,Twitter,10/06/2024,Story,Explore the latest story on Myntra! Trendy styles await.,1575,771,486,25200,24826,17,StyleWithMyntra,,StyleWithMyntra,MyntraFestiveEdit,11.24%,2832,05/10/2024,05/11/2024,Before,,,,,,,,,,,,,,,,,
P099,YouTube,02/07/2024,Carousel,Explore the latest carousel on Myntra! Trendy styles await.,4171,548,86,66736,66634,173,StyleWithMyntra,,StyleWithMyntra,MyntraFestiveEdit,7.20%,4805,05/10/2024,05/11/2024,Before,,,,,,,,,,,,,,,,,
P100,YouTube,10/02/2025,Video,Explore the latest video on Myntra! Trendy styles await.,1766,92,424,24724,24333,52,StyleWithMyntra,,StyleWithMyntra,FashionUpgrade,9.23%,2282,01/08/2024,31/08/2024,Before,,,,,,,,,,,,,,,,,
P101,YouTube,18/10/2024,Video,Explore the latest video on Myntra! Trendy styles await.,4450,983,143,75650,75008,12,MyntraSale,StyleWithMyntra,"MyntraSale,StyleWithMyntra",EndOfSeasonSale,7.37%,5576,10/06/2024,05/07/2024,Before,,,,,,,,,,,,,,,,,
P102,Twitter,18/09/2024,Reel,Explore the latest reel on Myntra! Trendy styles await.,1000,978,162,6000,5221,223,MyntraTrend,MyntraFashion,"MyntraTrend,MyntraFashion",MyntraFestiveEdit,35.67%,2140,05/10/2024,05/11/2024,Before,,,,,,,,,,,,,,,,,
P103,Facebook,11/06/2024,Image,Explore the latest image on Myntra! Trendy styles await.,3689,48,306,40579,39588,212,MyntraTrend,,MyntraTrend,FashionUpgrade,9.96%,4043,01/08/2024,31/08/2024,Before,,,,,,,,,,,,,,,,,
P104,YouTube,23/03/2025,Story,Explore the latest story on Myntra! Trendy styles await.,3655,568,286,32895,32015,199,MyntraTrend,,MyntraTrend,StyleRevolution,13.71%,4509,10/01/2025,10/02/2025,Before,,,,,,,,,,,,,,,,,
P105,Instagram,14/06/2024,Carousel,Explore the latest carousel on Myntra! Trendy styles await.,498,38,42,4482,3647,32,StyleWithMyntra,FashionDeals,"StyleWithMyntra,FashionDeals",StyleRevolution,12.90%,578,10/01/2025,10/02/2025,Before,,,,,,,,,,,,,,,,,
P106,Instagram,04/02/2025,Image,Explore the latest image on Myntra! Trendy styles await.,4619,821,499,69285,69141,298,MyntraFashion,,MyntraFashion,FashionUpgrade,8.57%,5939,01/08/2024,31/08/2024,Before,,,,,,,,,,,,,,,,,
P107,YouTube,21/06/2024,Image,Explore the latest image on Myntra! Trendy styles await.,4832,893,10,91808,91296,182,MyntraSale,StyleWithMyntra,"MyntraSale,StyleWithMyntra",MyntraFestiveEdit,6.25%,5735,05/10/2024,05/11/2024,Before,,,,,,,,,,,,,,,,,
P108,Twitter,25/03/2025,Video,Explore the latest video on Myntra! Trendy styles await.,4050,871,347,52650,51755,209,StyleWithMyntra,FashionDeals,"StyleWithMyntra,FashionDeals",FashionUpgrade,10.01%,5268,01/08/2024,31/08/2024,Before,,,,,,,,,,,,,,,,,
P109,Twitter,08/08/2024,Story,Explore the latest story on Myntra! Trendy styles await.,3649,215,413,25543,24963,167,MyntraFashion,StyleWithMyntra,"MyntraFashion,StyleWithMyntra",FashionUpgrade,16.74%,4277,01/08/2024,31/08/2024,During,,,,,,,,,,,,,,,,,
P110,Instagram,29/07/2024,Reel,Explore the latest reel on Myntra! Trendy styles await.,3523,753,482,38753,38579,270,FashionDeals,StyleWithMyntra,"FashionDeals,StyleWithMyntra",EndOfSeasonSale,12.28%,4758,10/06/2024,05/07/2024,Before,,,,,,,,,,,,,,,,,
P111,YouTube,23/11/2024,Image,Explore the latest image on Myntra! Trendy styles await.,2719,17,285,40785,40281,40,MyntraFashion,StyleWithMyntra,"MyntraFashion,StyleWithMyntra",MyntraFestiveEdit,7.41%,3021,05/10/2024,05/11/2024,Before,,,,,,,,,,,,,,,,,
P112,Twitter,05/10/2024,Story,Explore the latest story on Myntra! Trendy styles await.,1957,877,238,17613,16865,297,MyntraFashion,MyntraSale,"MyntraFashion,MyntraSale",MyntraFestiveEdit,17.44%,3072,05/10/2024,05/11/2024,During,,,,,,,,,,,,,,,,,
P113,Twitter,02/10/2024,Carousel,Explore the latest carousel on Myntra! Trendy styles await.,4419,236,369,44190,43582,10,MyntraTrend,,MyntraTrend,StyleRevolution,11.37%,5024,10/01/2025,10/02/2025,Before,,,,,,,,,,,,,,,,,
P114,Twitter,14/11/2024,Story,Explore the latest story on Myntra! Trendy styles await.,4000,689,488,40000,39569,44,FashionDeals,MyntraFashion,"FashionDeals,MyntraFashion",MyntraFestiveEdit,12.94%,5177,05/10/2024,05/11/2024,Before,,,,,,,,,,,,,,,,,
P115,Twitter,11/05/2025,Image,Explore the latest image on Myntra! Trendy styles await.,2493,97,44,42381,41991,242,MyntraSale,StyleWithMyntra,"MyntraSale,StyleWithMyntra",FashionUpgrade,6.22%,2634,01/08/2024,31/08/2024,Before,,,,,,,,,,,,,,,,,
P116,YouTube,18/03/2025,Reel,Explore the latest reel on Myntra! Trendy styles await.,3704,186,458,25928,25081,131,StyleWithMyntra,,StyleWithMyntra,FashionUpgrade,16.77%,4348,01/08/2024,31/08/2024,Before,,,,,,,,,,,,,,,,,
P117,Twitter,04/11/2024,Image,Explore the latest image on Myntra! Trendy styles await.,1606,451,405,20878,20190,219,MyntraSale,StyleWithMyntra,"MyntraSale,StyleWithMyntra",EndOfSeasonSale,11.79%,2462,10/06/2024,05/07/2024,Before,,,,,,,,,,,,,,,,,
P118,Facebook,04/11/2024,Image,Explore the latest image on Myntra! Trendy styles await.,4551,714,207,68265,67754,57,MyntraTrend,,MyntraTrend,EndOfSeasonSale,8.02%,5472,10/06/2024,05/07/2024,Before,,,,,,,,,,,,,,,,,
P119,Instagram,07/02/2025,Reel,Explore the latest reel on Myntra! Trendy styles await.,1970,675,478,9850,8924,117,MyntraTrend,,MyntraTrend,StyleRevolution,31.71%,3123,10/01/2025,10/02/2025,During,,,,,,,,,,,,,,,,,
P120,Facebook,21/10/2024,Story,Explore the latest story on Myntra! Trendy styles await.,780,928,301,8580,8081,91,MyntraSale,MyntraFashion,"MyntraSale,MyntraFashion",StyleRevolution,23.41%,2009,10/01/2025,10/02/2025,Before,,,,,,,,,,,,,,,,,
P121,Instagram,29/07/2024,Story,Explore the latest story on Myntra! Trendy styles await.,498,701,412,4980,4185,185,FashionDeals,StyleWithMyntra,"FashionDeals,StyleWithMyntra",StyleRevolution,32.35%,1611,10/01/2025,10/02/2025,Before,,,,,,,,,,,,,,,,,
P122,Instagram,02/10/2024,Text,Explore the latest text on Myntra! Trendy styles await.,3432,869,123,54912,53916,264,MyntraFashion,MyntraTrend,"MyntraFashion,MyntraTrend",EndOfSeasonSale,8.06%,4424,10/06/2024,05/07/2024,Before,,,,,,,,,,,,,,,,,
P123,Instagram,14/06/2024,Story,Explore the latest story on Myntra! Trendy styles await.,4363,649,140,21815,21481,157,MyntraSale,MyntraFashion,"MyntraSale,MyntraFashion",EndOfSeasonSale,23.62%,5152,10/06/2024,05/07/2024,During,,,,,,,,,,,,,,,,,
P124,YouTube,06/04/2025,Carousel,Explore the latest carousel on Myntra! Trendy styles await.,736,771,225,5152,4706,19,StyleWithMyntra,,StyleWithMyntra,MyntraFestiveEdit,33.62%,1732,05/10/2024,05/11/2024,Before,,,,,,,,,,,,,,,,,
P125,Twitter,08/09/2024,Carousel,Explore the latest carousel on Myntra! Trendy styles await.,3811,866,216,34299,34088,233,StyleWithMyntra,,StyleWithMyntra,MyntraFestiveEdit,14.27%,4893,05/10/2024,05/11/2024,Before,,,,,,,,,,,,,,,,,
P126,Instagram,28/03/2025,Carousel,Explore the latest carousel on Myntra! Trendy styles await.,4158,167,241,45738,45183,142,MyntraFashion,,MyntraFashion,EndOfSeasonSale,9.98%,4566,10/06/2024,05/07/2024,Before,,,,,,,,,,,,,,,,,
P127,Facebook,27/01/2025,Reel,Explore the latest reel on Myntra! Trendy styles await.,3452,652,442,65588,65049,158,MyntraSale,StyleWithMyntra,"MyntraSale,StyleWithMyntra",FashionUpgrade,6.93%,4546,01/08/2024,31/08/2024,Before,,,,,,,,,,,,,,,,,
P128,Twitter,10/01/2025,Image,Explore the latest image on Myntra! Trendy styles await.,3092,106,291,27828,27217,102,StyleWithMyntra,,StyleWithMyntra,StyleRevolution,12.54%,3489,10/01/2025,10/02/2025,During,,,,,,,,,,,,,,,,,
P129,Twitter,21/07/2024,Text,Explore the latest text on Myntra! Trendy styles await.,2147,430,393,17176,16483,170,FashionDeals,,FashionDeals,StyleRevolution,17.29%,2970,10/01/2025,10/02/2025,Before,,,,,,,,,,,,,,,,,
P130,YouTube,29/09/2024,Reel,Explore the latest reel on Myntra! Trendy styles await.,2936,439,44,38168,37571,22,MyntraSale,,MyntraSale,MyntraFestiveEdit,8.96%,3419,05/10/2024,05/11/2024,Before,,,,,,,,,,,,,,,,,
P131,Instagram,21/10/2024,Reel,Explore the latest reel on Myntra! Trendy styles await.,4840,658,211,43560,43225,57,MyntraSale,MyntraFashion,"MyntraSale,MyntraFashion",EndOfSeasonSale,13.11%,5709,10/06/2024,05/07/2024,Before,,,,,,,,,,,,,,,,,
P132,Instagram,04/03/2025,Story,Explore the latest story on Myntra! Trendy styles await.,1947,842,101,21417,20967,186,MyntraFashion,,MyntraFashion,EndOfSeasonSale,13.49%,2890,10/06/2024,05/07/2024,Before,,,,,,,,,,,,,,,,,
P133,Facebook,06/02/2025,Image,Explore the latest image on Myntra! Trendy styles await.,2072,532,71,37296,36467,25,MyntraSale,,MyntraSale,MyntraFestiveEdit,7.17%,2675,05/10/2024,05/11/2024,Before,,,,,,,,,,,,,,,,,
P134,Twitter,24/04/2025,Reel,Explore the latest reel on Myntra! Trendy styles await.,3731,115,135,55965,55436,103,FashionDeals,,FashionDeals,StyleRevolution,7.11%,3981,10/01/2025,10/02/2025,Before,,,,,,,,,,,,,,,,,
P135,Facebook,28/11/2024,Text,Explore the latest text on Myntra! Trendy styles await.,4213,253,434,75834,75437,272,MyntraTrend,,MyntraTrend,MyntraFestiveEdit,6.46%,4900,05/10/2024,05/11/2024,Before,,,,,,,,,,,,,,,,,
P136,Instagram,11/07/2024,Text,Explore the latest text on Myntra! Trendy styles await.,3134,888,444,21938,21337,130,MyntraSale,MyntraFashion,"MyntraSale,MyntraFashion",StyleRevolution,20.36%,4466,10/01/2025,10/02/2025,Before,,,,,,,,,,,,,,,,,
P137,Facebook,31/07/2024,Video,Explore the latest video on Myntra! Trendy styles await.,3008,94,37,15040,14639,277,FashionDeals,,FashionDeals,FashionUpgrade,20.87%,3139,01/08/2024,31/08/2024,Before,,,,,,,,,,,,,,,,,
P138,Twitter,29/03/2025,Image,Explore the latest image on Myntra! Trendy styles await.,305,187,243,4575,3704,234,MyntraFashion,MyntraTrend,"MyntraFashion,MyntraTrend",StyleRevolution,16.07%,735,10/01/2025,10/02/2025,Before,,,,,,,,,,,,,,,,,
P139,YouTube,29/10/2024,Text,Explore the latest text on Myntra! Trendy styles await.,2746,156,203,32952,32147,147,MyntraFashion,StyleWithMyntra,"MyntraFashion,StyleWithMyntra",EndOfSeasonSale,9.42%,3105,10/06/2024,05/07/2024,Before,,,,,,,,,,,,,,,,,
P140,Facebook,15/07/2024,Image,Explore the latest image on Myntra! Trendy styles await.,2291,78,485,18328,18101,10,FashionDeals,,FashionDeals,FashionUpgrade,15.57%,2854,01/08/2024,31/08/2024,Before,,,,,,,,,,,,,,,,,
P141,Twitter,31/08/2024,Image,Explore the latest image on Myntra! Trendy styles await.,3170,857,379,19020,18559,240,MyntraSale,,MyntraSale,MyntraFestiveEdit,23.17%,4406,05/10/2024,05/11/2024,Before,,,,,,,,,,,,,,,,,
P142,YouTube,25/03/2025,Story,Explore the latest story on Myntra! Trendy styles await.,2070,275,386,39330,38627,114,MyntraSale,,MyntraSale,StyleRevolution,6.94%,2731,10/01/2025,10/02/2025,Before,,,,,,,,,,,,,,,,,
P143,YouTube,02/10/2024,Carousel,Explore the latest carousel on Myntra! Trendy styles await.,80,362,80,1040,349,117,MyntraFashion,StyleWithMyntra,"MyntraFashion,StyleWithMyntra",EndOfSeasonSale,50.19%,522,10/06/2024,05/07/2024,Before,,,,,,,,,,,,,,,,,
P144,YouTube,28/10/2024,Story,Explore the latest story on Myntra! Trendy styles await.,4929,749,452,93651,92810,66,MyntraTrend,StyleWithMyntra,"MyntraTrend,StyleWithMyntra",FashionUpgrade,6.55%,6130,01/08/2024,31/08/2024,Before,,,,,,,,,,,,,,,,,
P145,Instagram,12/08/2024,Carousel,Explore the latest carousel on Myntra! Trendy styles await.,1878,62,179,37560,36874,142,FashionDeals,MyntraTrend,"FashionDeals,MyntraTrend",FashionUpgrade,5.64%,2119,01/08/2024,31/08/2024,During,,,,,,,,,,,,,,,,,
P146,YouTube,05/06/2024,Reel,Explore the latest reel on Myntra! Trendy styles await.,3065,772,142,18390,17875,200,StyleWithMyntra,,StyleWithMyntra,FashionUpgrade,21.64%,3979,01/08/2024,31/08/2024,Before,,,,,,,,,,,,,,,,,
P147,Instagram,21/10/2024,Reel,Explore the latest reel on Myntra! Trendy styles await.,3256,459,266,26048,25529,143,MyntraSale,StyleWithMyntra,"MyntraSale,StyleWithMyntra",MyntraFestiveEdit,15.28%,3981,05/10/2024,05/11/2024,During,,,,,,,,,,,,,,,,,
P148,Instagram,15/04/2025,Video,Explore the latest video on Myntra! Trendy styles await.,4133,466,327,24798,24620,176,StyleWithMyntra,,StyleWithMyntra,EndOfSeasonSale,19.86%,4926,10/06/2024,05/07/2024,Before,,,,,,,,,,,,,,,,,
P149,Twitter,16/06/2024,Video,Explore the latest video on Myntra! Trendy styles await.,1702,750,179,34040,33174,76,MyntraTrend,,MyntraTrend,MyntraFestiveEdit,7.73%,2631,05/10/2024,05/11/2024,Before,,,,,,,,,,,,,,,,,
P150,YouTube,22/08/2024,Carousel,Explore the latest carousel on Myntra! Trendy styles await.,4295,853,325,85900,85788,290,MyntraTrend,MyntraSale,"MyntraTrend,MyntraSale",EndOfSeasonSale,6.37%,5473,10/06/2024,05/07/2024,Before,,,,,,,,,,,,,,,,,
P151,Instagram,26/07/2024,Image,Explore the latest image on Myntra! Trendy styles await.,3559,59,289,35590,35105,122,MyntraTrend,StyleWithMyntra,"MyntraTrend,StyleWithMyntra",MyntraFestiveEdit,10.98%,3907,05/10/2024,05/11/2024,Before,,,,,,,,,,,,,,,,,
P152,Facebook,22/04/2025,Image,Explore the latest image on Myntra! Trendy styles await.,4804,550,270,28824,28370,47,MyntraSale,StyleWithMyntra,"MyntraSale,StyleWithMyntra",StyleRevolution,19.51%,5624,10/01/2025,10/02/2025,Before,,,,,,,,,,,,,,,,,
P153,Twitter,01/01/2025,Video,Explore the latest video on Myntra! Trendy styles await.,754,197,257,6786,6221,212,FashionDeals,MyntraTrend,"FashionDeals,MyntraTrend",MyntraFestiveEdit,17.80%,1208,05/10/2024,05/11/2024,Before,,,,,,,,,,,,,,,,,
P154,Instagram,09/10/2024,Carousel,Explore the latest carousel on Myntra! Trendy styles await.,985,932,287,6895,6757,64,MyntraSale,MyntraFashion,"MyntraSale,MyntraFashion",EndOfSeasonSale,31.97%,2204,10/06/2024,05/07/2024,Before,,,,,,,,,,,,,,,,,
P155,YouTube,21/12/2024,Image,Explore the latest image on Myntra! Trendy styles await.,2283,210,130,22830,22617,143,MyntraFashion,StyleWithMyntra,"MyntraFashion,StyleWithMyntra",MyntraFestiveEdit,11.49%,2623,05/10/2024,05/11/2024,Before,,,,,,,,,,,,,,,,,
P156,Facebook,22/10/2024,Carousel,Explore the latest carousel on Myntra! Trendy styles await.,3352,941,482,43576,43338,240,MyntraTrend,,MyntraTrend,MyntraFestiveEdit,10.96%,4775,05/10/2024,05/11/2024,During,,,,,,,,,,,,,,,,,
P157,YouTube,23/07/2024,Story,Explore the latest story on Myntra! Trendy styles await.,4775,173,206,47750,47544,187,StyleWithMyntra,MyntraTrend,"StyleWithMyntra,MyntraTrend",StyleRevolution,10.79%,5154,10/01/2025,10/02/2025,Before,,,,,,,,,,,,,,,,,
P158,Instagram,11/08/2024,Story,Explore the latest story on Myntra! Trendy styles await.,1762,405,423,22906,21925,25,FashionDeals,,FashionDeals,EndOfSeasonSale,11.31%,2590,10/06/2024,05/07/2024,Before,,,,,,,,,,,,,,,,,
P159,Facebook,25/11/2024,Story,Explore the latest story on Myntra! Trendy styles await.,2120,158,488,12720,12085,17,StyleWithMyntra,MyntraTrend,"StyleWithMyntra,MyntraTrend",EndOfSeasonSale,21.75%,2766,10/06/2024,05/07/2024,Before,,,,,,,,,,,,,,,,,
P160,Twitter,24/08/2024,Video,Explore the latest video on Myntra! Trendy styles await.,1082,209,484,19476,18654,20,StyleWithMyntra,,StyleWithMyntra,StyleRevolution,9.11%,1775,10/01/2025,10/02/2025,Before,,,,,,,,,,,,,,,,,
P161,Twitter,19/02/2025,Text,Explore the latest text on Myntra! Trendy styles await.,4671,876,366,51381,50565,245,MyntraSale,,MyntraSale,EndOfSeasonSale,11.51%,5913,10/06/2024,05/07/2024,Before,,,,,,,,,,,,,,,,,
P162,Facebook,01/04/2025,Story,Explore the latest story on Myntra! Trendy styles await.,3430,566,164,48020,47305,120,MyntraTrend,,MyntraTrend,EndOfSeasonSale,8.66%,4160,10/06/2024,05/07/2024,Before,,,,,,,,,,,,,,,,,
P163,Instagram,08/04/2025,Image,Explore the latest image on Myntra! Trendy styles await.,4501,375,323,22505,21836,132,MyntraFashion,,MyntraFashion,StyleRevolution,23.10%,5199,10/01/2025,10/02/2025,Before,,,,,,,,,,,,,,,,,
P164,YouTube,27/02/2025,Text,Explore the latest text on Myntra! Trendy styles await.,4934,971,156,39472,39025,169,FashionDeals,StyleWithMyntra,"FashionDeals,StyleWithMyntra",EndOfSeasonSale,15.36%,6061,10/06/2024,05/07/2024,Before,,,,,,,,,,,,,,,,,
P165,Twitter,11/12/2024,Text,Explore the latest text on Myntra! Trendy styles await.,3239,43,211,22673,22171,230,MyntraTrend,StyleWithMyntra,"MyntraTrend,StyleWithMyntra",EndOfSeasonSale,15.41%,3493,10/06/2024,05/07/2024,Before,,,,,,,,,,,,,,,,,
P166,Twitter,16/02/2025,Reel,Explore the latest reel on Myntra! Trendy styles await.,1076,313,306,11836,11596,104,FashionDeals,,FashionDeals,EndOfSeasonSale,14.32%,1695,10/06/2024,05/07/2024,Before,,,,,,,,,,,,,,,,,
P167,Instagram,28/11/2024,Text,Explore the latest text on Myntra! Trendy styles await.,4771,818,56,57252,56378,150,MyntraSale,,MyntraSale,EndOfSeasonSale,9.86%,5645,10/06/2024,05/07/2024,Before,,,,,,,,,,,,,,,,,
P168,Facebook,12/11/2024,Text,Explore the latest text on Myntra! Trendy styles await.,2418,754,54,43524,42743,182,MyntraFashion,MyntraTrend,"MyntraFashion,MyntraTrend",StyleRevolution,7.41%,3226,10/01/2025,10/02/2025,Before,,,,,,,,,,,,,,,,,
P169,YouTube,03/12/2024,Video,Explore the latest video on Myntra! Trendy styles await.,3809,273,200,34281,33534,83,MyntraTrend,,MyntraTrend,MyntraFestiveEdit,12.49%,4282,05/10/2024,05/11/2024,Before,,,,,,,,,,,,,,,,,
P170,Twitter,28/04/2025,Text,Explore the latest text on Myntra! Trendy styles await.,3577,596,493,67963,67839,53,StyleWithMyntra,MyntraTrend,"StyleWithMyntra,MyntraTrend",StyleRevolution,6.87%,4666,10/01/2025,10/02/2025,Before,,,,,,,,,,,,,,,,,
P171,YouTube,31/12/2024,Video,Explore the latest video on Myntra! Trendy styles await.,1018,447,332,18324,18164,38,MyntraSale,MyntraFashion,"MyntraSale,MyntraFashion",StyleRevolution,9.81%,1797,10/01/2025,10/02/2025,Before,,,,,,,,,,,,,,,,,
P172,Facebook,14/08/2024,Carousel,Explore the latest carousel on Myntra! Trendy styles await.,3073,553,174,52241,51605,246,MyntraFashion,StyleWithMyntra,"MyntraFashion,StyleWithMyntra",StyleRevolution,7.27%,3800,10/01/2025,10/02/2025,Before,,,,,,,,,,,,,,,,,
P173,Twitter,05/12/2024,Video,Explore the latest video on Myntra! Trendy styles await.,1330,925,35,15960,15379,229,FashionDeals,MyntraTrend,"FashionDeals,MyntraTrend",StyleRevolution,14.35%,2290,10/01/2025,10/02/2025,Before,,,,,,,,,,,,,,,,,
P174,Facebook,22/06/2024,Text,Explore the latest text on Myntra! Trendy styles await.,3828,148,253,30624,30229,235,MyntraSale,StyleWithMyntra,"MyntraSale,StyleWithMyntra",StyleRevolution,13.81%,4229,10/01/2025,10/02/2025,Before,,,,,,,,,,,,,,,,,
P175,Instagram,17/01/2025,Reel,Explore the latest reel on Myntra! Trendy styles await.,142,784,183,1704,995,154,MyntraSale,,MyntraSale,FashionUpgrade,65.08%,1109,01/08/2024,31/08/2024,Before,,,,,,,,,,,,,,,,,
P176,Facebook,20/06/2024,Video,Explore the latest video on Myntra! Trendy styles await.,3798,31,279,75960,75813,266,MyntraFashion,,MyntraFashion,EndOfSeasonSale,5.41%,4108,10/06/2024,05/07/2024,During,,,,,,,,,,,,,,,,,
P177,Instagram,10/07/2024,Carousel,Explore the latest carousel on Myntra! Trendy styles await.,3099,694,171,43386,42921,52,FashionDeals,,FashionDeals,StyleRevolution,9.14%,3964,10/01/2025,10/02/2025,Before,,,,,,,,,,,,,,,,,
P178,Instagram,07/11/2024,Video,Explore the latest video on Myntra! Trendy styles await.,129,643,136,1290,839,238,StyleWithMyntra,FashionDeals,"StyleWithMyntra,FashionDeals",StyleRevolution,70.39%,908,10/01/2025,10/02/2025,Before,,,,,,,,,,,,,,,,,
P179,Facebook,15/07/2024,Carousel,Explore the latest carousel on Myntra! Trendy styles await.,3796,667,395,64532,63550,292,StyleWithMyntra,,StyleWithMyntra,FashionUpgrade,7.53%,4858,01/08/2024,31/08/2024,Before,,,,,,,,,,,,,,,,,
P180,YouTube,03/12/2024,Text,Explore the latest text on Myntra! Trendy styles await.,3711,352,290,48243,47579,11,StyleWithMyntra,FashionDeals,"StyleWithMyntra,FashionDeals",StyleRevolution,9.02%,4353,10/01/2025,10/02/2025,Before,,,,,,,,,,,,,,,,,
P181,YouTube,21/03/2025,Image,Explore the latest image on Myntra! Trendy styles await.,606,789,470,7878,7389,239,MyntraSale,,MyntraSale,EndOfSeasonSale,23.67%,1865,10/06/2024,05/07/2024,Before,,,,,,,,,,,,,,,,,
P182,Facebook,31/07/2024,Image,Explore the latest image on Myntra! Trendy styles await.,4689,134,403,51579,50924,173,FashionDeals,,FashionDeals,FashionUpgrade,10.13%,5226,01/08/2024,31/08/2024,Before,,,,,,,,,,,,,,,,,
P183,Instagram,17/12/2024,Story,Explore the latest story on Myntra! Trendy styles await.,360,590,393,4680,4322,208,StyleWithMyntra,FashionDeals,"StyleWithMyntra,FashionDeals",EndOfSeasonSale,28.70%,1343,10/06/2024,05/07/2024,Before,,,,,,,,,,,,,,,,,
P184,Twitter,28/07/2024,Image,Explore the latest image on Myntra! Trendy styles await.,3215,960,202,32150,31404,251,StyleWithMyntra,,StyleWithMyntra,MyntraFestiveEdit,13.61%,4377,05/10/2024,05/11/2024,Before,,,,,,,,,,,,,,,,,
P185,Instagram,11/01/2025,Carousel,Explore the latest carousel on Myntra! Trendy styles await.,4523,61,157,49753,49329,71,MyntraSale,MyntraTrend,"MyntraSale,MyntraTrend",StyleRevolution,9.53%,4741,10/01/2025,10/02/2025,During,,,,,,,,,,,,,,,,,
P186,Facebook,24/08/2024,Carousel,Explore the latest carousel on Myntra! Trendy styles await.,4292,51,392,55796,54826,264,MyntraTrend,StyleWithMyntra,"MyntraTrend,StyleWithMyntra",FashionUpgrade,8.49%,4735,01/08/2024,31/08/2024,During,,,,,,,,,,,,,,,,,
P187,Twitter,22/12/2024,Reel,Explore the latest reel on Myntra! Trendy styles await.,1644,546,150,27948,27184,300,MyntraSale,MyntraTrend,"MyntraSale,MyntraTrend",FashionUpgrade,8.37%,2340,01/08/2024,31/08/2024,Before,,,,,,,,,,,,,,,,,
P188,YouTube,06/06/2024,Reel,Explore the latest reel on Myntra! Trendy styles await.,2728,533,215,40920,40816,137,MyntraSale,,MyntraSale,EndOfSeasonSale,8.49%,3476,10/06/2024,05/07/2024,Before,,,,,,,,,,,,,,,,,
P189,Facebook,24/03/2025,Reel,Explore the latest reel on Myntra! Trendy styles await.,3360,525,500,60480,59610,192,MyntraSale,StyleWithMyntra,"MyntraSale,StyleWithMyntra",FashionUpgrade,7.25%,4385,01/08/2024,31/08/2024,Before,,,,,,,,,,,,,,,,,
P190,YouTube,04/10/2024,Text,Explore the latest text on Myntra! Trendy styles await.,1963,213,19,39260,38771,145,StyleWithMyntra,,StyleWithMyntra,FashionUpgrade,5.59%,2195,01/08/2024,31/08/2024,Before,,,,,,,,,,,,,,,,,
P191,YouTube,03/12/2024,Story,Explore the latest story on Myntra! Trendy styles await.,4285,886,376,55705,55556,51,MyntraFashion,FashionDeals,"MyntraFashion,FashionDeals",StyleRevolution,9.96%,5547,10/01/2025,10/02/2025,Before,,,,,,,,,,,,,,,,,
P192,Instagram,29/11/2024,Video,Explore the latest video on Myntra! Trendy styles await.,1176,464,394,14112,13588,272,FashionDeals,,FashionDeals,FashionUpgrade,14.41%,2034,01/08/2024,31/08/2024,Before,,,,,,,,,,,,,,,,,
P193,Twitter,11/09/2024,Image,Explore the latest image on Myntra! Trendy styles await.,4858,317,129,53438,52687,223,FashionDeals,MyntraTrend,"FashionDeals,MyntraTrend",FashionUpgrade,9.93%,5304,01/08/2024,31/08/2024,Before,,,,,,,,,,,,,,,,,
P194,YouTube,02/10/2024,Story,Explore the latest story on Myntra! Trendy styles await.,4350,771,7,60900,60592,195,FashionDeals,StyleWithMyntra,"FashionDeals,StyleWithMyntra",EndOfSeasonSale,8.42%,5128,10/06/2024,05/07/2024,Before,,,,,,,,,,,,,,,,,
P195,Instagram,15/08/2024,Carousel,Explore the latest carousel on Myntra! Trendy styles await.,914,464,246,11882,11500,282,MyntraFashion,MyntraTrend,"MyntraFashion,MyntraTrend",MyntraFestiveEdit,13.67%,1624,05/10/2024,05/11/2024,Before,,,,,,,,,,,,,,,,,
P196,Instagram,19/12/2024,Text,Explore the latest text on Myntra! Trendy styles await.,1813,623,72,19943,18959,85,MyntraTrend,MyntraFashion,"MyntraTrend,MyntraFashion",MyntraFestiveEdit,12.58%,2508,05/10/2024,05/11/2024,Before,,,,,,,,,,,,,,,,,
P197,Twitter,22/10/2024,Reel,Explore the latest reel on Myntra! Trendy styles await.,4782,721,82,86076,85339,19,FashionDeals,,FashionDeals,EndOfSeasonSale,6.49%,5585,10/06/2024,05/07/2024,Before,,,,,,,,,,,,,,,,,
P198,Twitter,14/09/2024,Image,Explore the latest image on Myntra! Trendy styles await.,1048,374,450,9432,8882,158,MyntraTrend,MyntraSale,"MyntraTrend,MyntraSale",EndOfSeasonSale,19.85%,1872,10/06/2024,05/07/2024,Before,,,,,,,,,,,,,,,,,
P199,YouTube,30/11/2024,Carousel,Explore the latest carousel on Myntra! Trendy styles await.,2509,324,171,35126,34685,277,FashionDeals,,FashionDeals,EndOfSeasonSale,8.55%,3004,10/06/2024,05/07/2024,Before,,,,,,,,,,,,,,,,,
P200,Facebook,07/04/2025,Reel,Explore the latest reel on Myntra! Trendy styles await.,3718,385,310,70642,69749,233,MyntraTrend,,MyntraTrend,FashionUpgrade,6.25%,4413,01/08/2024,31/08/2024,Before,,,,,,,,,,,,,,,,,
P201,Twitter,15/01/2025,Reel,Explore the latest reel on Myntra! Trendy styles await.,802,262,244,14436,14280,49,MyntraSale,FashionDeals,"MyntraSale,FashionDeals",StyleRevolution,9.06%,1308,10/01/2025,10/02/2025,During,,,,,,,,,,,,,,,,,
P202,Facebook,02/06/2024,Image,Explore the latest image on Myntra! Trendy styles await.,1871,252,335,29936,29576,288,MyntraTrend,,MyntraTrend,EndOfSeasonSale,8.21%,2458,10/06/2024,05/07/2024,Before,,,,,,,,,,,,,,,,,
P203,Instagram,21/11/2024,Carousel,Explore the latest carousel on Myntra! Trendy styles await.,3773,299,38,71687,71447,286,MyntraTrend,,MyntraTrend,StyleRevolution,5.73%,4110,10/01/2025,10/02/2025,Before,,,,,,,,,,,,,,,,,
P204,Instagram,01/01/2025,Carousel,Explore the latest carousel on Myntra! Trendy styles await.,2234,653,432,11170,10569,198,FashionDeals,StyleWithMyntra,"FashionDeals,StyleWithMyntra",StyleRevolution,29.71%,3319,10/01/2025,10/02/2025,Before,,,,,,,,,,,,,,,,,
P205,Twitter,24/04/2025,Video,Explore the latest video on Myntra! Trendy styles await.,3820,697,268,45840,45631,171,StyleWithMyntra,FashionDeals,"StyleWithMyntra,FashionDeals",FashionUpgrade,10.44%,4785,01/08/2024,31/08/2024,Before,,,,,,,,,,,,,,,,,
P206,Twitter,24/06/2024,Text,Explore the latest text on Myntra! Trendy styles await.,941,121,458,14115,13838,87,MyntraFashion,MyntraSale,"MyntraFashion,MyntraSale",EndOfSeasonSale,10.77%,1520,10/06/2024,05/07/2024,During,,,,,,,,,,,,,,,,,
P207,Twitter,29/12/2024,Carousel,Explore the latest carousel on Myntra! Trendy styles await.,4274,340,281,34192,33446,129,StyleWithMyntra,FashionDeals,"StyleWithMyntra,FashionDeals",MyntraFestiveEdit,14.32%,4895,05/10/2024,05/11/2024,Before,,,,,,,,,,,,,,,,,
P208,YouTube,24/06/2024,Video,Explore the latest video on Myntra! Trendy styles await.,2949,476,403,44235,43705,135,MyntraTrend,FashionDeals,"MyntraTrend,FashionDeals",FashionUpgrade,8.65%,3828,01/08/2024,31/08/2024,Before,,,,,,,,,,,,,,,,,
P209,Twitter,19/03/2025,Video,Explore the latest video on Myntra! Trendy styles await.,3160,204,297,44240,43666,49,StyleWithMyntra,MyntraTrend,"StyleWithMyntra,MyntraTrend",FashionUpgrade,8.28%,3661,01/08/2024,31/08/2024,Before,,,,,,,,,,,,,,,,,
P210,YouTube,19/02/2025,Image,Explore the latest image on Myntra! Trendy styles await.,257,966,398,3341,2753,287,MyntraTrend,MyntraSale,"MyntraTrend,MyntraSale",FashionUpgrade,48.52%,1621,01/08/2024,31/08/2024,Before,,,,,,,,,,,,,,,,,
P211,Twitter,18/07/2024,Carousel,Explore the latest carousel on Myntra! Trendy styles await.,2120,38,212,12720,12564,21,MyntraTrend,MyntraSale,"MyntraTrend,MyntraSale",FashionUpgrade,18.63%,2370,01/08/2024,31/08/2024,Before,,,,,,,,,,,,,,,,,
P212,YouTube,03/03/2025,Video,Explore the latest video on Myntra! Trendy styles await.,3874,884,19,38740,38552,219,StyleWithMyntra,,StyleWithMyntra,StyleRevolution,12.33%,4777,10/01/2025,10/02/2025,Before,,,,,,,,,,,,,,,,,
P213,Facebook,01/05/2025,Carousel,Explore the latest carousel on Myntra! Trendy styles await.,2696,628,443,45832,45632,248,MyntraSale,,MyntraSale,MyntraFestiveEdit,8.22%,3767,05/10/2024,05/11/2024,Before,,,,,,,,,,,,,,,,,
P214,Instagram,23/12/2024,Image,Explore the latest image on Myntra! Trendy styles await.,521,746,315,4168,3399,282,MyntraSale,,MyntraSale,FashionUpgrade,37.96%,1582,01/08/2024,31/08/2024,Before,,,,,,,,,,,,,,,,,
P215,Facebook,06/05/2025,Image,Explore the latest image on Myntra! Trendy styles await.,4872,925,176,82824,82543,89,MyntraSale,MyntraTrend,"MyntraSale,MyntraTrend",FashionUpgrade,7.21%,5973,01/08/2024,31/08/2024,Before,,,,,,,,,,,,,,,,,
P216,YouTube,29/07/2024,Story,Explore the latest story on Myntra! Trendy styles await.,1509,88,163,30180,29689,119,MyntraTrend,,MyntraTrend,FashionUpgrade,5.83%,1760,01/08/2024,31/08/2024,Before,,,,,,,,,,,,,,,,,
P217,Facebook,03/12/2024,Image,Explore the latest image on Myntra! Trendy styles await.,4606,931,230,92120,91440,56,FashionDeals,MyntraFashion,"FashionDeals,MyntraFashion",MyntraFestiveEdit,6.26%,5767,05/10/2024,05/11/2024,Before,,,,,,,,,,,,,,,,,
P218,Facebook,11/06/2024,Carousel,Explore the latest carousel on Myntra! Trendy styles await.,1869,453,490,14952,14309,275,FashionDeals,StyleWithMyntra,"FashionDeals,StyleWithMyntra",FashionUpgrade,18.81%,2812,01/08/2024,31/08/2024,Before,,,,,,,,,,,,,,,,,
P219,Twitter,28/01/2025,Reel,Explore the latest reel on Myntra! Trendy styles await.,1188,470,174,7128,6145,270,StyleWithMyntra,MyntraFashion,"StyleWithMyntra,MyntraFashion",EndOfSeasonSale,25.70%,1832,10/06/2024,05/07/2024,Before,,,,,,,,,,,,,,,,,
P220,Instagram,02/06/2024,Story,Explore the latest story on Myntra! Trendy styles await.,84,897,85,588,8,12,StyleWithMyntra,,StyleWithMyntra,EndOfSeasonSale,181.29%,1066,10/06/2024,05/07/2024,Before,,,,,,,,,,,,,,,,,
P221,Facebook,23/03/2025,Video,Explore the latest video on Myntra! Trendy styles await.,4453,111,420,31171,30565,23,MyntraTrend,MyntraFashion,"MyntraTrend,MyntraFashion",StyleRevolution,15.99%,4984,10/01/2025,10/02/2025,Before,,,,,,,,,,,,,,,,,
P222,Facebook,08/10/2024,Reel,Explore the latest reel on Myntra! Trendy styles await.,1814,653,363,25396,25286,39,StyleWithMyntra,,StyleWithMyntra,FashionUpgrade,11.14%,2830,01/08/2024,31/08/2024,Before,,,,,,,,,,,,,,,,,
P223,Twitter,12/11/2024,Image,Explore the latest image on Myntra! Trendy styles await.,3338,277,118,60084,59842,252,StyleWithMyntra,,StyleWithMyntra,FashionUpgrade,6.21%,3733,01/08/2024,31/08/2024,Before,,,,,,,,,,,,,,,,,
P224,Facebook,13/05/2025,Image,Explore the latest image on Myntra! Trendy styles await.,602,594,156,4214,3363,164,MyntraSale,,MyntraSale,MyntraFestiveEdit,32.08%,1352,05/10/2024,05/11/2024,Before,,,,,,,,,,,,,,,,,
P225,Twitter,20/06/2024,Carousel,Explore the latest carousel on Myntra! Trendy styles await.,4672,325,32,88768,87833,118,FashionDeals,MyntraSale,"FashionDeals,MyntraSale",MyntraFestiveEdit,5.67%,5029,05/10/2024,05/11/2024,Before,,,,,,,,,,,,,,,,,
P226,Instagram,07/08/2024,Carousel,Explore the latest carousel on Myntra! Trendy styles await.,1741,164,318,8705,8272,121,MyntraSale,,MyntraSale,EndOfSeasonSale,25.54%,2223,10/06/2024,05/07/2024,Before,,,,,,,,,,,,,,,,,
P227,Instagram,12/06/2024,Text,Explore the latest text on Myntra! Trendy styles await.,246,149,130,4674,4390,217,MyntraTrend,FashionDeals,"MyntraTrend,FashionDeals",EndOfSeasonSale,11.23%,525,10/06/2024,05/07/2024,During,,,,,,,,,,,,,,,,,
P228,Instagram,01/07/2024,Story,Explore the latest story on Myntra! Trendy styles await.,4808,772,320,72120,71696,195,MyntraTrend,MyntraSale,"MyntraTrend,MyntraSale",StyleRevolution,8.18%,5900,10/01/2025,10/02/2025,Before,,,,,,,,,,,,,,,,,
P229,Instagram,03/07/2024,Carousel,Explore the latest carousel on Myntra! Trendy styles await.,4799,694,289,43191,42228,118,MyntraTrend,,MyntraTrend,EndOfSeasonSale,13.39%,5782,10/06/2024,05/07/2024,During,,,,,,,,,,,,,,,,,
P230,Facebook,15/07/2024,Reel,Explore the latest reel on Myntra! Trendy styles await.,3663,17,295,51282,50567,84,MyntraSale,,MyntraSale,FashionUpgrade,7.75%,3975,01/08/2024,31/08/2024,Before,,,,,,,,,,,,,,,,,
P231,Instagram,01/05/2025,Text,Explore the latest text on Myntra! Trendy styles await.,1430,376,33,21450,20509,251,FashionDeals,,FashionDeals,MyntraFestiveEdit,8.57%,1839,05/10/2024,05/11/2024,Before,,,,,,,,,,,,,,,,,
P232,Twitter,29/04/2025,Story,Explore the latest story on Myntra! Trendy styles await.,249,592,230,1494,1044,201,MyntraFashion,MyntraTrend,"MyntraFashion,MyntraTrend",StyleRevolution,71.69%,1071,10/01/2025,10/02/2025,Before,,,,,,,,,,,,,,,,,
P233,Facebook,08/03/2025,Image,Explore the latest image on Myntra! Trendy styles await.,2382,265,134,38112,37437,249,FashionDeals,MyntraTrend,"FashionDeals,MyntraTrend",EndOfSeasonSale,7.30%,2781,10/06/2024,05/07/2024,Before,,,,,,,,,,,,,,,,,
P234,Facebook,01/06/2024,Text,Explore the latest text on Myntra! Trendy styles await.,1272,465,99,24168,23719,42,MyntraFashion,FashionDeals,"MyntraFashion,FashionDeals",EndOfSeasonSale,7.60%,1836,10/06/2024,05/07/2024,Before,,,,,,,,,,,,,,,,,
P235,Facebook,22/12/2024,Image,Explore the latest image on Myntra! Trendy styles await.,3196,941,376,35156,34444,241,StyleWithMyntra,MyntraTrend,"StyleWithMyntra,MyntraTrend",StyleRevolution,12.84%,4513,10/01/2025,10/02/2025,Before,,,,,,,,,,,,,,,,,
P236,Facebook,19/08/2024,Text,Explore the latest text on Myntra! Trendy styles await.,1257,19,351,12570,11660,194,StyleWithMyntra,,StyleWithMyntra,FashionUpgrade,12.94%,1627,01/08/2024,31/08/2024,During,,,,,,,,,,,,,,,,,
P237,Instagram,22/10/2024,Story,Explore the latest story on Myntra! Trendy styles await.,3770,917,129,71630,71322,76,MyntraSale,MyntraTrend,"MyntraSale,MyntraTrend",StyleRevolution,6.72%,4816,10/01/2025,10/02/2025,Before,,,,,,,,,,,,,,,,,
P238,Twitter,16/07/2024,Text,Explore the latest text on Myntra! Trendy styles await.,4725,400,362,75600,74927,43,MyntraTrend,MyntraFashion,"MyntraTrend,MyntraFashion",FashionUpgrade,7.26%,5487,01/08/2024,31/08/2024,Before,,,,,,,,,,,,,,,,,
P239,YouTube,24/02/2025,Text,Explore the latest text on Myntra! Trendy styles await.,4188,942,118,20940,20471,102,StyleWithMyntra,,StyleWithMyntra,EndOfSeasonSale,25.06%,5248,10/06/2024,05/07/2024,Before,,,,,,,,,,,,,,,,,
P240,Twitter,26/08/2024,Carousel,Explore the latest carousel on Myntra! Trendy styles await.,929,192,322,16722,15996,145,MyntraFashion,,MyntraFashion,MyntraFestiveEdit,8.63%,1443,05/10/2024,05/11/2024,Before,,,,,,,,,,,,,,,,,
P241,Facebook,18/01/2025,Story,Explore the latest story on Myntra! Trendy styles await.,4321,874,172,30247,29254,122,MyntraSale,MyntraFashion,"MyntraSale,MyntraFashion",MyntraFestiveEdit,17.74%,5367,05/10/2024,05/11/2024,Before,,,,,,,,,,,,,,,,,
P242,Facebook,07/07/2024,Reel,Explore the latest reel on Myntra! Trendy styles await.,4767,190,340,28602,28044,210,FashionDeals,,FashionDeals,StyleRevolution,18.52%,5297,10/01/2025,10/02/2025,Before,,,,,,,,,,,,,,,,,
P243,Twitter,06/03/2025,Image,Explore the latest image on Myntra! Trendy styles await.,3592,911,375,50288,49490,32,StyleWithMyntra,,StyleWithMyntra,EndOfSeasonSale,9.70%,4878,10/06/2024,05/07/2024,Before,,,,,,,,,,,,,,,,,
P244,YouTube,25/10/2024,Video,Explore the latest video on Myntra! Trendy styles await.,4661,935,433,23305,22583,63,StyleWithMyntra,FashionDeals,"StyleWithMyntra,FashionDeals",FashionUpgrade,25.87%,6029,01/08/2024,31/08/2024,Before,,,,,,,,,,,,,,,,,
P245,Facebook,12/01/2025,Reel,Explore the latest reel on Myntra! Trendy styles await.,4134,824,99,41340,41050,177,MyntraFashion,,MyntraFashion,EndOfSeasonSale,12.23%,5057,10/06/2024,05/07/2024,Before,,,,,,,,,,,,,,,,,
P246,Facebook,11/10/2024,Image,Explore the latest image on Myntra! Trendy styles await.,400,680,434,6400,5472,160,MyntraSale,MyntraTrend,"MyntraSale,MyntraTrend",EndOfSeasonSale,23.66%,1514,10/06/2024,05/07/2024,Before,,,,,,,,,,,,,,,,,
P247,Facebook,27/08/2024,Reel,Explore the latest reel on Myntra! Trendy styles await.,3960,266,8,35640,34850,208,MyntraTrend,MyntraFashion,"MyntraTrend,MyntraFashion",StyleRevolution,11.88%,4234,10/01/2025,10/02/2025,Before,,,,,,,,,,,,,,,,,
P248,Facebook,02/02/2025,Story,Explore the latest story on Myntra! Trendy styles await.,886,126,153,4430,4037,212,MyntraSale,,MyntraSale,MyntraFestiveEdit,26.30%,1165,05/10/2024,05/11/2024,Before,,,,,,,,,,,,,,,,,
P249,Twitter,18/07/2024,Image,Explore the latest image on Myntra! Trendy styles await.,827,77,402,14886,14129,254,StyleWithMyntra,,StyleWithMyntra,EndOfSeasonSale,8.77%,1306,10/06/2024,05/07/2024,Before,,,,,,,,,,,,,,,,,
P250,Facebook,22/06/2024,Reel,Explore the latest reel on Myntra! Trendy styles await.,3813,935,274,68634,68488,251,FashionDeals,MyntraTrend,"FashionDeals,MyntraTrend",FashionUpgrade,7.32%,5022,01/08/2024,31/08/2024,Before,,,,,,,,,,,,,,,,,
P251,Instagram,27/03/2025,Carousel,Explore the latest carousel on Myntra! Trendy styles await.,1377,796,387,22032,21869,189,FashionDeals,MyntraFashion,"FashionDeals,MyntraFashion",MyntraFestiveEdit,11.62%,2560,05/10/2024,05/11/2024,Before,,,,,,,,,,,,,,,,,
P252,Facebook,28/04/2025,Carousel,Explore the latest carousel on Myntra! Trendy styles await.,2089,476,69,16712,16309,64,StyleWithMyntra,MyntraSale,"StyleWithMyntra,MyntraSale",FashionUpgrade,15.76%,2634,01/08/2024,31/08/2024,Before,,,,,,,,,,,,,,,,,
P253,Twitter,03/08/2024,Reel,Explore the latest reel on Myntra! Trendy styles await.,3791,593,228,53074,52613,205,StyleWithMyntra,FashionDeals,"StyleWithMyntra,FashionDeals",FashionUpgrade,8.69%,4612,01/08/2024,31/08/2024,During,,,,,,,,,,,,,,,,,
P254,Twitter,14/01/2025,Image,Explore the latest image on Myntra! Trendy styles await.,2692,115,64,21536,21120,224,FashionDeals,MyntraTrend,"FashionDeals,MyntraTrend",StyleRevolution,13.33%,2871,10/01/2025,10/02/2025,During,,,,,,,,,,,,,,,,,
P255,Facebook,03/04/2025,Story,Explore the latest story on Myntra! Trendy styles await.,3767,514,238,37670,36807,226,StyleWithMyntra,FashionDeals,"StyleWithMyntra,FashionDeals",FashionUpgrade,12.00%,4519,01/08/2024,31/08/2024,Before,,,,,,,,,,,,,,,,,
P256,YouTube,18/09/2024,Carousel,Explore the latest carousel on Myntra! Trendy styles await.,2143,12,204,40717,40125,248,FashionDeals,MyntraSale,"FashionDeals,MyntraSale",StyleRevolution,5.79%,2359,10/01/2025,10/02/2025,Before,,,,,,,,,,,,,,,,,
P257,Facebook,06/04/2025,Image,Explore the latest image on Myntra! Trendy styles await.,3090,697,164,49440,48524,25,FashionDeals,StyleWithMyntra,"FashionDeals,StyleWithMyntra",StyleRevolution,7.99%,3951,10/01/2025,10/02/2025,Before,,,,,,,,,,,,,,,,,
P258,Instagram,05/08/2024,Story,Explore the latest story on Myntra! Trendy styles await.,3601,695,75,21606,21454,172,StyleWithMyntra,,StyleWithMyntra,EndOfSeasonSale,20.23%,4371,10/06/2024,05/07/2024,Before,,,,,,,,,,,,,,,,,
P259,Facebook,10/02/2025,Text,Explore the latest text on Myntra! Trendy styles await.,562,158,149,3372,2940,93,FashionDeals,MyntraSale,"FashionDeals,MyntraSale",StyleRevolution,25.77%,869,10/01/2025,10/02/2025,During,,,,,,,,,,,,,,,,,
P260,Instagram,12/02/2025,Story,Explore the latest story on Myntra! Trendy styles await.,4332,771,219,60648,60397,10,MyntraFashion,,MyntraFashion,MyntraFestiveEdit,8.78%,5322,05/10/2024,05/11/2024,Before,,,,,,,,,,,,,,,,,
P261,Instagram,27/10/2024,Image,Explore the latest image on Myntra! Trendy styles await.,4853,837,340,72795,72237,170,MyntraSale,,MyntraSale,EndOfSeasonSale,8.28%,6030,10/06/2024,05/07/2024,Before,,,,,,,,,,,,,,,,,
P262,YouTube,18/01/2025,Image,Explore the latest image on Myntra! Trendy styles await.,1206,238,36,9648,9417,237,MyntraSale,StyleWithMyntra,"MyntraSale,StyleWithMyntra",MyntraFestiveEdit,15.34%,1480,05/10/2024,05/11/2024,Before,,,,,,,,,,,,,,,,,
P263,Instagram,20/08/2024,Reel,Explore the latest reel on Myntra! Trendy styles await.,2603,690,205,13015,12130,20,MyntraTrend,,MyntraTrend,FashionUpgrade,26.88%,3498,01/08/2024,31/08/2024,During,,,,,,,,,,,,,,,,,
P264,Twitter,30/01/2025,Image,Explore the latest image on Myntra! Trendy styles await.,59,163,93,590,475,293,MyntraTrend,,MyntraTrend,StyleRevolution,53.39%,315,10/01/2025,10/02/2025,During,,,,,,,,,,,,,,,,,
P265,Twitter,20/02/2025,Carousel,Explore the latest carousel on Myntra! Trendy styles await.,1877,745,225,11262,10967,41,StyleWithMyntra,MyntraSale,"StyleWithMyntra,MyntraSale",FashionUpgrade,25.28%,2847,01/08/2024,31/08/2024,Before,,,,,,,,,,,,,,,,,
P266,Facebook,25/11/2024,Story,Explore the latest story on Myntra! Trendy styles await.,4182,640,240,50184,49351,10,MyntraSale,StyleWithMyntra,"MyntraSale,StyleWithMyntra",MyntraFestiveEdit,10.09%,5062,05/10/2024,05/11/2024,Before,,,,,,,,,,,,,,,,,
P267,Twitter,04/10/2024,Reel,Explore the latest reel on Myntra! Trendy styles await.,4187,66,31,66992,66614,62,StyleWithMyntra,,StyleWithMyntra,StyleRevolution,6.39%,4284,10/01/2025,10/02/2025,Before,,,,,,,,,,,,,,,,,
P268,Instagram,13/04/2025,Reel,Explore the latest reel on Myntra! Trendy styles await.,4579,125,300,59527,59400,269,StyleWithMyntra,MyntraFashion,"StyleWithMyntra,MyntraFashion",FashionUpgrade,8.41%,5004,01/08/2024,31/08/2024,Before,,,,,,,,,,,,,,,,,
P269,Instagram,05/11/2024,Video,Explore the latest video on Myntra! Trendy styles await.,4561,51,441,22805,21890,45,StyleWithMyntra,,StyleWithMyntra,EndOfSeasonSale,22.16%,5053,10/06/2024,05/07/2024,Before,,,,,,,,,,,,,,,,,
P270,YouTube,15/01/2025,Reel,Explore the latest reel on Myntra! Trendy styles await.,3774,239,39,60384,59490,241,FashionDeals,,FashionDeals,MyntraFestiveEdit,6.71%,4052,05/10/2024,05/11/2024,Before,,,,,,,,,,,,,,,,,
P271,Instagram,17/10/2024,Video,Explore the latest video on Myntra! Trendy styles await.,3575,749,111,21450,20785,195,FashionDeals,,FashionDeals,MyntraFestiveEdit,20.68%,4435,05/10/2024,05/11/2024,During,,,,,,,,,,,,,,,,,
P272,Instagram,27/03/2025,Text,Explore the latest text on Myntra! Trendy styles await.,4941,414,266,39528,39154,217,MyntraSale,,MyntraSale,EndOfSeasonSale,14.22%,5621,10/06/2024,05/07/2024,Before,,,,,,,,,,,,,,,,,
P273,YouTube,12/10/2024,Story,Explore the latest story on Myntra! Trendy styles await.,3641,226,46,40051,39319,296,MyntraTrend,,MyntraTrend,EndOfSeasonSale,9.77%,3913,10/06/2024,05/07/2024,Before,,,,,,,,,,,,,,,,,
P274,Twitter,01/01/2025,Carousel,Explore the latest carousel on Myntra! Trendy styles await.,3535,494,152,53025,52791,44,MyntraTrend,StyleWithMyntra,"MyntraTrend,StyleWithMyntra",EndOfSeasonSale,7.88%,4181,10/06/2024,05/07/2024,Before,,,,,,,,,,,,,,,,,
P275,Facebook,05/08/2024,Reel,Explore the latest reel on Myntra! Trendy styles await.,1741,831,345,17410,16844,58,MyntraFashion,FashionDeals,"MyntraFashion,FashionDeals",StyleRevolution,16.75%,2917,10/01/2025,10/02/2025,Before,,,,,,,,,,,,,,,,,
P276,Twitter,07/06/2024,Carousel,Explore the latest carousel on Myntra! Trendy styles await.,1556,195,131,9336,8875,137,MyntraFashion,,MyntraFashion,EndOfSeasonSale,20.16%,1882,10/06/2024,05/07/2024,Before,,,,,,,,,,,,,,,,,
P277,Facebook,06/04/2025,Image,Explore the latest image on Myntra! Trendy styles await.,4236,711,298,21180,20516,238,MyntraTrend,MyntraSale,"MyntraTrend,MyntraSale",StyleRevolution,24.76%,5245,10/01/2025,10/02/2025,Before,,,,,,,,,,,,,,,,,
P278,Twitter,26/11/2024,Text,Explore the latest text on Myntra! Trendy styles await.,4516,836,169,49676,49257,282,MyntraTrend,,MyntraTrend,FashionUpgrade,11.11%,5521,01/08/2024,31/08/2024,Before,,,,,,,,,,,,,,,,,
P279,YouTube,02/09/2024,Image,Explore the latest image on Myntra! Trendy styles await.,4905,845,129,98100,97772,279,MyntraTrend,,MyntraTrend,StyleRevolution,5.99%,5879,10/01/2025,10/02/2025,Before,,,,,,,,,,,,,,,,,
P280,YouTube,21/10/2024,Video,Explore the latest video on Myntra! Trendy styles await.,4275,680,385,64125,63650,104,StyleWithMyntra,,StyleWithMyntra,StyleRevolution,8.33%,5340,10/01/2025,10/02/2025,Before,,,,,,,,,,,,,,,,,
P281,YouTube,22/03/2025,Image,Explore the latest image on Myntra! Trendy styles await.,3166,90,341,56988,56125,135,MyntraFashion,StyleWithMyntra,"MyntraFashion,StyleWithMyntra",EndOfSeasonSale,6.31%,3597,10/06/2024,05/07/2024,Before,,,,,,,,,,,,,,,,,
P282,Instagram,03/10/2024,Video,Explore the latest video on Myntra! Trendy styles await.,1488,417,168,19344,18395,30,MyntraSale,,MyntraSale,FashionUpgrade,10.72%,2073,01/08/2024,31/08/2024,Before,,,,,,,,,,,,,,,,,
P283,Twitter,09/05/2025,Reel,Explore the latest reel on Myntra! Trendy styles await.,3367,302,57,63973,63789,157,MyntraTrend,MyntraFashion,"MyntraTrend,MyntraFashion",MyntraFestiveEdit,5.82%,3726,05/10/2024,05/11/2024,Before,,,,,,,,,,,,,,,,,
P284,Twitter,17/09/2024,Text,Explore the latest text on Myntra! Trendy styles await.,571,190,352,9707,9418,231,FashionDeals,,FashionDeals,EndOfSeasonSale,11.47%,1113,10/06/2024,05/07/2024,Before,,,,,,,,,,,,,,,,,
P285,YouTube,18/07/2024,Text,Explore the latest text on Myntra! Trendy styles await.,4021,794,77,36189,35505,174,FashionDeals,StyleWithMyntra,"FashionDeals,StyleWithMyntra",FashionUpgrade,13.52%,4892,01/08/2024,31/08/2024,Before,,,,,,,,,,,,,,,,,
P286,YouTube,25/09/2024,Video,Explore the latest video on Myntra! Trendy styles await.,3389,344,229,20334,19443,228,MyntraFashion,MyntraSale,"MyntraFashion,MyntraSale",EndOfSeasonSale,19.48%,3962,10/06/2024,05/07/2024,Before,,,,,,,,,,,,,,,,,
P287,Instagram,15/08/2024,Reel,Explore the latest reel on Myntra! Trendy styles await.,1164,616,324,6984,6636,82,MyntraFashion,MyntraTrend,"MyntraFashion,MyntraTrend",MyntraFestiveEdit,30.13%,2104,05/10/2024,05/11/2024,Before,,,,,,,,,,,,,,,,,
P288,YouTube,17/04/2025,Carousel,Explore the latest carousel on Myntra! Trendy styles await.,4780,691,380,86040,85743,262,MyntraFashion,FashionDeals,"MyntraFashion,FashionDeals",MyntraFestiveEdit,6.80%,5851,05/10/2024,05/11/2024,Before,,,,,,,,,,,,,,,,,
P289,Facebook,28/11/2024,Carousel,Explore the latest carousel on Myntra! Trendy styles await.,2751,33,430,44016,43415,129,MyntraTrend,StyleWithMyntra,"MyntraTrend,StyleWithMyntra",EndOfSeasonSale,7.30%,3214,10/06/2024,05/07/2024,Before,,,,,,,,,,,,,,,,,
P290,Instagram,20/12/2024,Carousel,Explore the latest carousel on Myntra! Trendy styles await.,2107,550,349,35819,35340,191,MyntraTrend,,MyntraTrend,MyntraFestiveEdit,8.39%,3006,05/10/2024,05/11/2024,Before,,,,,,,,,,,,,,,,,
P291,Facebook,06/11/2024,Video,Explore the latest video on Myntra! Trendy styles await.,4663,145,225,69945,69596,35,MyntraFashion,,MyntraFashion,EndOfSeasonSale,7.20%,5033,10/06/2024,05/07/2024,Before,,,,,,,,,,,,,,,,,
P292,Facebook,17/11/2024,Text,Explore the latest text on Myntra! Trendy styles await.,880,297,345,12320,11978,238,MyntraSale,,MyntraSale,EndOfSeasonSale,12.35%,1522,10/06/2024,05/07/2024,Before,,,,,,,,,,,,,,,,,
P293,Facebook,14/05/2025,Text,Explore the latest text on Myntra! Trendy styles await.,2634,726,241,28974,28102,277,StyleWithMyntra,,StyleWithMyntra,MyntraFestiveEdit,12.43%,3601,05/10/2024,05/11/2024,Before,,,,,,,,,,,,,,,,,
P294,Facebook,19/06/2024,Carousel,Explore the latest carousel on Myntra! Trendy styles await.,4731,173,276,28386,28185,89,MyntraTrend,MyntraFashion,"MyntraTrend,MyntraFashion",StyleRevolution,18.25%,5180,10/01/2025,10/02/2025,Before,,,,,,,,,,,,,,,,,
P295,Twitter,06/05/2025,Image,Explore the latest image on Myntra! Trendy styles await.,1952,344,287,15616,15403,235,MyntraSale,MyntraFashion,"MyntraSale,MyntraFashion",MyntraFestiveEdit,16.54%,2583,05/10/2024,05/11/2024,Before,,,,,,,,,,,,,,,,,
P296,Twitter,11/02/2025,Video,Explore the latest video on Myntra! Trendy styles await.,3440,13,20,58480,58146,210,MyntraFashion,FashionDeals,"MyntraFashion,FashionDeals",FashionUpgrade,5.94%,3473,01/08/2024,31/08/2024,Before,,,,,,,,,,,,,,,,,
P297,Twitter,24/12/2024,Text,Explore the latest text on Myntra! Trendy styles await.,2166,354,117,10830,10245,24,StyleWithMyntra,MyntraTrend,"StyleWithMyntra,MyntraTrend",FashionUpgrade,24.35%,2637,01/08/2024,31/08/2024,Before,,,,,,,,,,,,,,,,,
P298,Facebook,24/10/2024,Image,Explore the latest image on Myntra! Trendy styles await.,4303,451,286,86060,85823,14,MyntraSale,,MyntraSale,EndOfSeasonSale,5.86%,5040,10/06/2024,05/07/2024,Before,,,,,,,,,,,,,,,,,
P299,Facebook,26/08/2024,Image,Explore the latest image on Myntra! Trendy styles await.,2581,517,117,23229,22331,70,MyntraSale,StyleWithMyntra,"MyntraSale,StyleWithMyntra",EndOfSeasonSale,13.84%,3215,10/06/2024,05/07/2024,Before,,,,,,,,,,,,,,,,,
P300,Twitter,31/08/2024,Carousel,Explore the latest carousel on Myntra! Trendy styles await.,4494,717,45,62916,62688,191,MyntraFashion,,MyntraFashion,FashionUpgrade,8.35%,5256,01/08/2024,31/08/2024,During,,,,,,,,,,,,,,,,,
